murder,rape,gangrape,robbery,theft,assualt murders,sexual harassement,totarea,totalcrime,long,lat,crime/area,area,crime_density,weighted_crime_score,area_encoded
0.2,0.13953488372093023,0.16666666666666666,0.272,0.325487012987013,0.26865671641791045,0.17500000000000002,0.025590606209587044,0.3282275711159737,77.2492,28.53632,192.5297308,CHITRANJAN PARK,0.23886118638004766,0.23786407766990295,0.00019252973084997552
0.8,0.6511627906976745,0.0,0.624,0.16152597402597402,0.373134328358209,0.4,0.03624835683733122,0.24434719183078044,77.086,28.61268,116.7299125,DABRI,0.1426233388102925,0.7475728155339807,0.00011672991254064523
0.30000000000000004,0.6511627906976745,0.16666666666666666,0.256,0.5300324675324676,0.9253731343283581,0.375,0.007204962494477248,0.5652808169219548,77.20418,28.52989,606.5861022,MALVIYA NAGAR,0.7645602559923238,0.7184466019417477,0.0006065861023114415
0.1,0.18604651162790697,0.16666666666666666,0.176,0.3961038961038961,0.26865671641791045,0.17500000000000002,0.06742597506682257,0.3836615609044493,77.23608,28.64361,105.5523378,CHANDNI MAHAL,0.12843193629167016,0.2621359223300971,0.0001055523378168709
0.0,0.09302325581395349,0.16666666666666666,0.352,0.2857142857142857,0.11940298507462686,0.35000000000000003,0.026019218145586435,0.2946754194018964,77.19369,28.70257,173.2885009,MODEL TOWN,0.21443191208510162,0.33495145631067963,0.00017328850092072624
1.0,0.32558139534883723,0.0,0.784,0.33766233766233766,0.34328358208955223,0.375,0.05288780289959752,0.4062727935813275,77.29373,28.65335,135.776292,ANANDVIHAR,0.16680522475029255,0.5339805825242718,0.0001357762919736471
0.0,0.20930232558139533,0.5,0.128,0.24269480519480519,0.23880597014925375,0.30000000000000004,0.010769450420144574,0.24507658643326038,77.22618,28.66645,244.4852641,KASHMERE GATE,0.3048255752837897,0.39805825242718446,0.00024448526414643125
0.1,0.09302325581395349,0.5,0.24,0.5284090909090909,0.059701492537313425,0.125,0.1165992048583168,0.4952589350838804,77.26532,28.53067,82.40005852,GOVIND PURI,0.09903706997754144,0.19417475728155337,8.240005852027692e-05
0.4,0.09302325581395349,0.16666666666666666,0.504,0.3051948051948052,0.1492537313432836,0.2,0.02427937355249482,0.3260393873085339,77.06618,28.6091,198.2025868,BINDAPUR,0.24606362377473917,0.23786407766990295,0.00019173515504031994
0.6000000000000001,0.16279069767441862,0.16666666666666666,0.368,0.461038961038961,0.19402985074626866,0.25,0.04550778640573892,0.4609773887673231,77.2676,28.56234,171.5534385,NEW FRIENDS COLONY,0.21222902188872866,0.3300970873786408,0.00017155343845978076
0.1,0.27906976744186046,0.0,0.088,0.137987012987013,0.1044776119402985,0.025,0.10151194479051828,0.13347921225382933,77.30617,28.52299,30.84564653,SARITA VIHAR,0.033581957368430046,0.18932038834951453,3.527340753851198e-05
0.8,0.3953488372093023,0.16666666666666666,0.472,0.4748376623376624,0.3283582089552239,0.125,0.07574671604517506,0.4945295404814004,77.2242,28.7072,120.3301905,TIMARPUR,0.14719436563989047,0.38834951456310673,0.00012033019051776295
0.1,0.11627906976744186,0.3333333333333333,0.11199999999999999,0.21590909090909094,0.2985074626865672,0.25,0.4973591555158509,0.21808898614150254,77.00361,28.72582,10.17182469,KANJHAWALA,0.007333819062634506,0.2912621359223301,1.0171824688607127e-05
0.5,0.46511627906976744,0.16666666666666666,0.608,0.2702922077922078,0.5074626865671641,0.225,0.015375220611292975,0.3347921225382932,77.17376,28.66004,267.394735,ANAND PARBAT,0.333912164322294,0.49514563106796117,0.0002673947350046477
0.2,0.16279069767441862,0.0,0.07999999999999999,0.11282467532467534,0.04477611940298507,0.1,0.005821129062866056,0.10649161196207149,77.08644,28.59139,162.0504149,SAGARPUR,0.20016368254101274,0.17961165048543692,0.00016205041492494543
0.7000000000000001,0.18604651162790697,0.0,0.32,0.33766233766233766,0.5671641791044776,0.35000000000000003,0.017218110892059615,0.3676148796498906,77.12757,28.71793,272.5505578,PRASHANT VIHAR,0.34045816011492375,0.41262135922330095,0.00017754186088979614
1.0,0.2558139534883721,0.16666666666666666,0.296,0.1680194805194805,0.1044776119402985,0.225,0.05231138390651659,0.19183078045222465,77.179,28.57051,71.92085629,SOUTH CAMPUS,0.0857323432671335,0.38834951456310673,7.192085628569621e-05
0.6000000000000001,0.32558139534883723,0.0,0.76,0.4212662337662338,0.34328358208955223,0.125,0.025449968236914235,0.46900072939460247,77.1159,28.70236,266.0836835,ROHINI SOUTH,0.332247611826952,0.32038834951456313,0.00026608368348074685
0.9,0.5581395348837209,0.0,0.504,0.9821428571428572,0.7910447761194029,0.47500000000000003,0.02441202196150523,0.9912472647702407,77.13276,28.67441,551.349914,PUNJABI BAGH,0.6944306438245713,0.7524271844660194,0.0005513499141104697
0.30000000000000004,0.046511627906976744,0.0,0.07200000000000001,0.05113636363636363,0.13432835820895522,0.325,0.4194519514694916,0.05835156819839533,77.01564,28.60369,4.722542641,DWARKA NORTH,0.0004152381646526848,0.28640776699029125,4.722542641382313e-06
0.30000000000000004,0.27906976744186046,0.0,0.44,0.4228896103896104,0.2985074626865672,0.42500000000000004,0.15024095567869727,0.4442013129102845,77.19735,28.73664,59.203046,BURARI,0.06958540895321588,0.5097087378640777,5.9203046004657734e-05
0.4,0.4418604651162791,0.0,0.096,0.22402597402597402,0.13432835820895522,0.025,0.042226667108780376,0.2202771699489424,77.23362,28.65284,95.36159563,JAMA MASJID,0.11549344759761669,0.30582524271844663,9.536159564035121e-05
0.30000000000000004,0.3488372093023256,0.0,0.32,0.25405844155844154,0.2537313432835821,0.07500000000000001,0.01103213588166724,0.2713347921225383,77.17532,28.70984,263.6389852,ADRASH NAGAR,0.32914374555369985,0.2815533980582524,0.0002636389852096385
0.1,0.16279069767441862,0.3333333333333333,0.312,0.4935064935064935,0.2835820895522388,0.1,0.14534917927769944,0.48212983223924144,77.19606,28.60337,65.76641857,CHANAKYAPURI,0.0779184744265615,0.2038834951456311,6.576641857366207e-05
0.5,0.37209302325581395,0.5,0.208,0.25162337662337664,0.3283582089552239,0.25,0.008509144947416876,0.2720641867250182,77.30265,28.62038,295.7950231,PANDAV NAGAR,0.36997006882384603,0.48543689320388345,0.00029579502323690227
0.1,0.27906976744186046,0.16666666666666666,0.36,0.2913961038961039,0.3880597014925373,0.2,0.012234263809091641,0.3158278628738147,77.08879,28.67965,286.1523337,MIANWALI NAGAR,0.3577274050408883,0.3398058252427184,0.00028615233365266373
0.7000000000000001,0.23255813953488372,0.0,0.472,0.5211038961038962,0.08955223880597014,0.225,0.5031846767666255,0.5207877461706784,77.15114,28.46549,21.61825152,FATEHPUR BERI,0.02186656472019705,0.3446601941747573,2.1618251517516635e-05
0.4,0.09302325581395349,0.0,0.224,0.463474025974026,0.07462686567164178,0.125,0.013240407683260692,0.4361779722830051,77.21754,28.64981,366.6938741,NABI KARIM,0.4599854930991175,0.1650485436893204,0.0003666938741298142
0.1,0.16279069767441862,0.0,0.288,0.42694805194805197,0.2835820895522388,0.1,0.012259787269322765,0.4186725018234865,77.11992,28.63969,367.2852645,RAJOURI GARDEN,0.4607363411783262,0.17475728155339806,0.0003604131111728918
0.1,0.5348837209302325,0.16666666666666666,0.128,0.3246753246753247,0.5223880597014925,0.15000000000000002,0.022779015714182033,0.33770970094821295,77.17487,28.73358,213.0968906,JAHANGIR PURI,0.2649739030890729,0.4611650485436893,0.00021309689057029722
0.4,0.2558139534883721,0.0,0.032,0.053571428571428575,0.08955223880597014,0.125,0.031863810646136866,0.05616338439095551,77.22621,28.64295,44.89826037,KAMLA MARKET,0.051423600518717694,0.2669902912621359,4.489826036919356e-05
0.9,0.32558139534883723,0.16666666666666666,0.992,0.6225649350649352,0.22388059701492538,0.9500000000000001,0.04124078975329907,0.6921954777534646,77.22498,28.63089,269.7120565,BARAKHAMBA ROAD,0.3368543089360062,0.9902912621359223,0.0002697120564409726
0.2,0.16279069767441862,0.0,0.0,0.03409090909090909,0.029850746268656712,0.25,0.021379236205480413,0.032093362509117436,77.20489,28.56934,44.79650663,SAFDARJUNG ENCLAVE,0.05129441075520898,0.2961165048543689,3.759838663300665e-05
0.1,0.18604651162790697,0.0,0.424,0.6071428571428572,0.19402985074626866,0.17500000000000002,0.07574671604517506,0.5915390226112327,77.20856,28.70024,141.9571031,MUKHERJI NAGAR,0.1746525781601691,0.24757281553398058,0.00014195710313784737
0.6000000000000001,0.06976744186046512,0.16666666666666666,0.152,0.2702922077922078,0.19402985074626866,0.225,0.012118011635733778,0.26622902990517866,77.29224,28.66879,248.0023694,FARASH BAZAR,0.30929100335901827,0.2524271844660194,0.0002480023693739809
0.2,0.20930232558139533,0.0,0.128,0.08116883116883117,0.1044776119402985,0.05,0.025590606209587044,0.08533916849015319,77.25743,28.53321,67.31019886,KALKAJI,0.0798785067364873,0.16990291262135923,6.625581226051053e-05
0.2,0.20930232558139533,0.0,0.128,0.08116883116883117,0.1044776119402985,0.05,0.02682652988410572,0.08533916849015319,77.25644,28.54728,65.20142565,KALKAJI,0.07720114153431294,0.16990291262135923,6.625581226051053e-05
0.1,0.27906976744186046,0.3333333333333333,0.28,0.3449675324675325,0.07462686567164178,0.325,0.04635823296793353,0.34573304157549234,77.18053,28.64784,130.5861462,PARSHAD NAGAR,0.16021565153047443,0.45145631067961156,0.00013058614625227483
0.0,0.11627906976744186,0.0,0.128,0.1030844155844156,0.17910447761194032,0.125,0.01779694555551175,0.10649161196207149,77.24047,28.58744,98.25407096,LODHI COLONY,0.11916582580325702,0.16019417475728157,9.825407097910933e-05
0.0,0.3023255813953488,0.0,0.128,0.1387987012987013,0.44776119402985076,0.125,0.005416552909829715,0.1575492341356674,77.14501,28.63077,221.4440175,INDERPURI,0.27557167953003964,0.27669902912621364,0.00022144401749586484
0.6000000000000001,0.627906976744186,0.5,0.056,0.10795454545454546,0.17910447761194032,0.325,0.012035794809299871,0.13274981765134938,77.27462,28.52678,142.1881435,OKHLA,0.1749459142880551,0.7087378640776698,0.0001421881434796547
0.0,0.046511627906976744,0.0,0.032,0.026785714285714288,0.08955223880597014,0.05,0.03407640442688203,0.02042304886943836,77.14219,28.72516,27.69345792,SAMAYPURBADLI,0.029579838989914533,0.058252427184466014,2.7693457925170755e-05
0.2,0.2558139534883721,0.16666666666666666,0.272,0.5503246753246754,0.1044776119402985,0.125,0.9999999999999999,0.524434719183078,76.91555,28.59572,11.08281089,JAFFARPUR KALAN,0.008490435960033064,0.27184466019417475,1.1082810884685192e-05
0.30000000000000004,0.4883720930232558,0.3333333333333333,0.128,0.174512987012987,0.40298507462686567,0.42500000000000004,0.024073532611703467,0.20568927789934358,77.12084,28.62657,134.7036128,MAYA PURI,0.16544331737221393,0.6699029126213593,0.00013470361283109177
1.0,0.32558139534883723,0.16666666666666666,0.664,0.362012987012987,0.3582089552238806,0.30000000000000004,0.0347521081490303,0.4164843180160467,77.06081,28.70965,191.9992467,AMAN VIHAR,0.23818766700298316,0.49029126213592233,0.0001919992467660261
0.0,0.06976744186046512,0.0,0.064,0.15503246753246752,0.07462686567164178,0.125,0.025449968236914235,0.14077315827862874,77.10186,28.71003,96.24303447,VIJAY VIHAR,0.11661255019896263,0.13106796116504854,9.62430344504829e-05
0.30000000000000004,0.32558139534883723,0.16666666666666666,0.696,0.3595779220779221,0.23880597014925375,1.0,0.009016734959315565,0.42669584245076586,77.24093,28.55914,429.6329345,AMAR COLONY,0.5398949153546447,1.0,0.0004296329343969527
0.6000000000000001,0.3488372093023256,0.16666666666666666,0.40800000000000003,0.22646103896103897,0.31343283582089554,0.45,0.7280682425260285,0.2713347921225383,77.13913,28.79903,8.419749759,ALIPUR,0.005109329296920846,0.6019417475728155,8.419749758316902e-06
0.0,0.3488372093023256,0.3333333333333333,0.288,0.6420454545454546,0.40298507462686567,0.1,0.022779015714182033,0.62436177972283,77.16418,28.72579,372.6151344,MAHENDRA PARK,0.4675033124421521,0.31553398058252424,0.00037261513436863397
0.0,0.023255813953488372,0.0,0.0,0.01948051948051948,0.0,0.07500000000000001,0.1900664205860442,0.006564551422319473,77.15236,28.53492,5.033543391,VASANT KUNJ SOUTH,0.0008100945566464849,0.06310679611650487,5.033543391370136e-06
0.2,0.3023255813953488,0.16666666666666666,0.216,0.24107142857142855,0.3283582089552239,0.30000000000000004,0.05201919040539525,0.2589350838803793,77.16574,28.74286,92.69711149,BHALSWA DAIRY,0.11211053421567166,0.4368932038834951,9.269711148798304e-05
0.6000000000000001,0.46511627906976744,0.5,0.736,0.2775974025974026,0.17910447761194032,0.2,0.5668757542968984,0.3384390955506929,77.04254,28.79654,13.04307194,BAWANA,0.010979245422069205,0.5097087378640777,1.3043071944058357e-05
0.0,0.09302325581395349,0.0,0.576,0.30194805194805197,0.059701492537313425,0.1,0.4973591555158509,0.3187454412837345,77.05179,28.72449,14.06022305,BEGUM PUR,0.012270652642954415,0.1262135922330097,1.406022304602481e-05
0.2,0.2558139534883721,0.0,0.216,0.3116883116883117,0.2537313432835821,0.30000000000000004,0.20202086122169988,0.31655725747629465,77.13777,28.63356,33.20547998,NARAINA,0.03657807659189903,0.3932038834951457,3.3205479984178845e-05
0.30000000000000004,0.46511627906976744,0.3333333333333333,0.272,0.4748376623376624,0.26865671641791045,0.325,0.10728783240633179,0.47848285922684175,77.21428,28.49893,86.04239018,NEB SARAI,0.1036614894950644,0.5776699029126214,8.604239018153201e-05
0.1,0.4883720930232558,0.16666666666666666,0.24,0.351461038961039,0.4626865671641791,0.275,0.030677080262499615,0.3712618526622903,77.18285,28.63505,189.4930876,RAJINDER NAGAR,0.23500576807358609,0.529126213592233,0.00018949308763198966
0.8,0.20930232558139533,0.0,0.352,0.23863636363636365,0.17910447761194032,0.5750000000000001,0.005793257484068911,0.27060539752005836,77.15712,28.71681,337.855879,SHALIMAR BAGH,0.4233718619326865,0.6067961165048544,0.00033785587889048065
0.1,1.0,0.0,0.16,0.23944805194805197,0.6865671641791045,0.25,0.0068168537787940565,0.28884026258205686,77.15977,28.68423,338.5458842,KESHAV PURAM,0.42424791444047943,0.8155339805825242,0.0003385458841492954
0.2,0.5813953488372093,0.16666666666666666,0.44,0.3693181818181818,0.3880597014925373,0.25,0.0301227180474552,0.4048140043763676,77.11933,28.69784,207.4142083,RANI BAGH,0.2577589898232697,0.5728155339805825,0.0002074142082527291
0.6000000000000001,0.46511627906976744,0.3333333333333333,0.272,0.19724025974025977,0.13432835820895522,0.25,0.012514127848423954,0.22246535375638224,77.20846,28.66539,209.7953409,BARA HINDU RAO,0.2607821511991588,0.5339805825242718,0.00020979534092349135
0.1,0.2558139534883721,0.0,0.432,0.6160714285714286,0.5223880597014925,0.15000000000000002,0.06306041076044441,0.6177972283005105,77.21432,28.63,172.5875527,CONNAUGHT PLACE,0.213541966064753,0.27184466019417475,0.0001725875527142668
0.1,0.18604651162790697,0.16666666666666666,0.11199999999999999,0.14042207792207795,0.19402985074626866,0.1,0.13561878102398298,0.14223194748358864,77.24417,28.59238,24.91202265,H. N. DIN,0.02604844077344964,0.20388349514563103,2.4912022658843624e-05
0.4,0.11627906976744186,0.0,0.144,0.11282467532467534,0.1044776119402985,0.15000000000000002,0.06742597506682257,0.11670313639679067,77.24062,28.6419,39.85139285,DARYA GANJ,0.045015937836609024,0.19902912621359226,3.985139284922676e-05
0.8,0.3488372093023256,0.16666666666666666,0.064,0.060876623376623376,0.3880597014925373,0.25,0.030201297623745717,0.09044493070751278,77.09163,28.69664,62.41207947,MANGOLPURI,0.07365969935643728,0.45631067961165056,6.241207945773641e-05
0.0,0.023255813953488372,0.0,0.04,0.06412337662337662,0.0,0.07500000000000001,0.055372308359080774,0.05032822757111597,77.30662,28.66676,27.68462104,VIVEKVIHAR,0.029568619402823033,0.06310679611650487,2.7684621041506823e-05
0.9,0.27906976744186046,0.3333333333333333,0.07200000000000001,0.1647727272727273,0.2835820895522388,0.125,0.030129684907538458,0.17505470459518602,77.21885,28.65557,101.5054836,LAHORI GATE,0.12329392221002636,0.3349514563106796,0.00010150548365611993
0.0,0.20930232558139533,0.0,0.52,0.4788961038961039,0.22388059701492538,0.17500000000000002,0.01575802979373942,0.486506199854121,77.07856,28.70265,369.1007723,SULTAN PURI,0.4630413671546789,0.25728155339805825,0.000369100772289292
0.30000000000000004,0.13953488372093023,0.0,0.064,0.17288961038961043,0.11940298507462686,0.275,0.002062168514271212,0.16776075857038658,77.27642,28.6554,285.7251279,GEETA COLONY,0.3571850110914056,0.3058252427184466,0.00028572512789254873
0.30000000000000004,0.20930232558139533,0.0,0.496,0.6087662337662338,0.34328358208955223,0.42500000000000004,0.04795287392838547,0.6163384390955506,77.2215,28.68851,215.1561556,CIVIL LINES,0.26758841117612153,0.46601941747572817,0.00021515615564086018
0.5,0.23255813953488372,0.3333333333333333,0.40800000000000003,0.32792207792207795,0.31343283582089554,0.17500000000000002,0.03819220796824799,0.3508388037928519,77.17432,28.69245,153.5508403,ASHOK VIHAR,0.18937235370226474,0.32524271844660196,0.00015355084031943022
0.7000000000000001,0.6744186046511628,0.5,0.344,0.3449675324675325,0.3880597014925373,0.2,0.010687506990997441,0.3807439824945295,77.10143,28.63896,360.003279,TILAK NAGAR,0.45149090201093117,0.6456310679611651,0.00036000327913671777
0.4,0.20930232558139533,0.5,0.16799999999999998,0.12256493506493506,0.26865671641791045,0.1,0.006442652400568528,0.13931436907366887,77.08293,28.58809,190.6838324,PALAM VILLAGE,0.23651757543296226,0.2621359223300971,0.0001906838325005962
0.2,0.5581395348837209,0.0,0.344,0.6274350649350651,0.5970149253731343,0.6000000000000001,0.03262133378720496,0.6469730123997083,77.14659,28.66013,301.4033063,MOTI NAGAR,0.37709052242934626,0.8155339805825242,0.00030140330628984283
0.5,0.3953488372093023,0.0,0.07999999999999999,0.34740259740259744,0.2985074626865672,0.125,0.02166527214617113,0.3398978847556528,77.09946,28.60935,221.2758879,HARI NAGAR,0.27535821690836865,0.3592233009708738,0.0002212758879257727
0.7000000000000001,0.37209302325581395,0.0,0.144,0.19642857142857145,0.417910447761194,0.35000000000000003,0.012210331027902572,0.22319474835886213,77.20931,28.64583,212.9404925,PAHARGANJ,0.26477533523370017,0.529126213592233,0.00021294049256536036
0.4,0.06976744186046512,0.0,0.096,0.27435064935064934,0.029850746268656712,0.1,0.030129684907538458,0.2509117432530999,77.21115,28.65399,136.4610144,SADAR BAZAR,0.16767457007236675,0.13106796116504854,0.00013646101445160492
0.1,0.11627906976744186,0.0,0.192,0.24837662337662336,0.07462686567164178,0.0,0.014554890054943542,0.2348650619985412,77.19913,28.57449,203.0303727,SAROJINI NAGAR,0.25219313358214235,0.0679611650485437,0.00020303037276111019
0.2,0.09302325581395349,0.0,0.424,0.6931818181818182,0.11940298507462686,0.225,0.10896726002137777,0.6644784828592268,76.98269,28.60975,114.9901119,NAJAFGARH,0.1404144328498323,0.23300970873786409,0.00011499011188327997
0.1,0.27906976744186046,0.5,0.144,0.08279220779220779,0.22388059701492538,0.05,0.2963330000296807,0.09773887673231219,77.0872,28.52958,9.116036206,KAPASHERA,0.005993356600633287,0.2524271844660194,9.116036205842868e-06
0.5,0.18604651162790697,0.0,0.256,0.1655844155844156,0.11940298507462686,0.07500000000000001,0.0,0.17578409919766594,77.31708,28.61363,344.9246303,KALYANPURI,0.43234657237448326,0.18932038834951453,0.0003449246303021741
0.4,0.2558139534883721,0.16666666666666666,0.464,0.22483766233766234,0.13432835820895522,0.2,0.017797363238626157,0.25455871626549964,77.30357,28.49385,194.1435995,BADAR PUR,0.2409102051515738,0.33980582524271846,0.0001941435995566869
1.0,0.3488372093023256,0.16666666666666666,0.424,0.44561688311688313,0.059701492537313425,0.65,9.512315994674239e-05,0.46608315098468267,77.14412,28.68901,792.0255138,SUBHASH PLACE,1.0000000000000002,0.7766990291262136,0.0007920255138240664
0.7000000000000001,0.32558139534883723,0.3333333333333333,0.48,0.4894480519480519,0.11940298507462686,0.42500000000000004,0.030129684907538458,0.5047410649161196,77.20774,28.66917,253.4275982,SUBZIMANDI,0.31617904561173654,0.5873786407766991,0.0002534275982672663
0.2,0.7209302325581395,0.0,0.24,0.34740259740259744,0.5522388059701492,0.25,0.07574671604517506,0.3785557986870897,77.20652,28.69251,94.47546039,MAURICE NAGAR,0.11436838225098593,0.645631067961165,9.447546039300038e-05
0.5,0.5581395348837209,0.6666666666666666,0.392,0.6298701298701299,1.0,0.375,0.12947942108442628,0.6717724288840262,77.20325,28.63857,99.40277809,MANDIR MARG,0.12062426069294852,0.7135922330097086,9.940277808807159e-05
0.30000000000000004,0.3488372093023256,0.0,0.528,0.4496753246753247,0.23880597014925375,0.2,0.08592193753292748,0.46900072939460247,77.21117,28.59827,102.8019091,TUGLAK ROAD,0.12493990503797572,0.3786407766990291,0.00010280190915242384
0.1,0.16279069767441862,0.0,0.11199999999999999,0.0965909090909091,0.1044776119402985,0.2,0.009016734959315565,0.099927060539752,77.24052,28.56843,132.1436692,LAJPAT NAGAR,0.16219313188987738,0.2524271844660194,0.0001321436691576408
0.7000000000000001,0.3023255813953488,0.3333333333333333,0.10400000000000001,0.07467532467532467,0.3582089552238806,0.1,0.014737473775706512,0.09919766593727208,77.28072,28.66699,103.9889301,KRISHNA NAGAR,0.12644698434543195,0.3203883495145631,0.00010398893006537736
0.7000000000000001,0.18604651162790697,0.0,0.32,0.33766233766233766,0.5671641791044776,0.35000000000000003,0.08592193753292748,0.3676148796498906,77.23372,28.60415,82.53316394,PRASHANT VIHAR,0.09920606483440016,0.41262135922330095,0.00017754186088979614
1.0,0.32558139534883723,0.0,0.784,0.33766233766233766,0.34328358208955223,0.375,0.05288780289959752,0.4062727935813275,77.31306,28.65597,135.776292,ANANDVIHAR,0.16680522475029255,0.5339805825242718,0.0001357762919736471
0.4,0.5348837209302325,0.16666666666666666,0.40800000000000003,0.3262987012987013,0.44776119402985076,0.15000000000000002,0.16107910855366808,0.36323851203501095,77.1562,28.75841,46.32649671,SWARUP NAGAR,0.053236934580232376,0.47572815533980584,4.632649672181259e-05
0.0,0.046511627906976744,0.0,0.088,0.09983766233766235,0.07462686567164178,0.1,0.0418891900014401,0.09190371991247265,77.23278,28.5541,49.55760816,GREATER KAILASH,0.0573392558855364,0.09708737864077671,4.955760815500578e-05
0.2,0.06976744186046512,0.16666666666666666,0.10400000000000001,0.13230519480519481,0.08955223880597014,0.025,0.0053054117971545415,0.12399708242159008,77.06834,28.62997,185.9478156,VIKAS PURI,0.2305045784531951,0.07766990291262137,0.00018594781553772156
0.2,0.23255813953488372,0.16666666666666666,0.64,0.8125000000000001,0.3283582089552239,0.525,0.02685579708808332,0.8154631655725747,77.06488,28.62499,429.5008123,UTTAM NAGAR,0.5397271689954242,0.5679611650485437,0.0004295008123278078
0.30000000000000004,0.32558139534883723,0.16666666666666666,0.192,0.09496753246753246,0.22388059701492538,0.25,0.023017674158238598,0.12035010940919039,77.23337,28.56468,91.52205283,DEFENCE COLONY,0.11061864257698777,0.41747572815533984,9.152205283896783e-05
0.9,0.5348837209302325,0.6666666666666666,0.152,0.1785714285714286,0.3283582089552239,0.125,0.10061983211395581,0.20641867250182352,77.29235,28.56207,43.7778871,JAMIA NAGAR,0.05000113916262297,0.5242718446601942,4.37778870954057e-05
0.0,0.20930232558139533,0.5,0.128,0.24269480519480519,0.23880597014925375,0.30000000000000004,0.010769450420144574,0.24507658643326038,77.2315,28.66254,244.4852641,KASHMERE GATE,0.3048255752837897,0.39805825242718446,0.00024448526414643125
0.2,0.3488372093023256,0.16666666666666666,0.32,0.2824675324675325,0.34328358208955223,0.225,0.04273071870510617,0.3056163384390955,77.29099,28.50165,124.8660579,PULPRAHLAD PUR,0.15295324640359464,0.4077669902912621,0.00012486605791896884
0.1,0.27906976744186046,0.0,0.088,0.137987012987013,0.1044776119402985,0.025,0.07605362177191888,0.13347921225382933,77.28196,28.54046,39.70116855,SARITA VIHAR,0.044825208316402285,0.18932038834951453,3.527340753851198e-05
0.30000000000000004,0.3023255813953488,0.8333333333333333,0.456,0.6469155844155845,0.3283582089552239,0.375,0.019755543887820796,0.6513493800145879,77.06698,28.68199,423.8300765,NANGLOI,0.532527423453756,0.5582524271844661,0.00042383007656518294
0.2,0.16279069767441862,0.0,0.0,0.03409090909090909,0.029850746268656712,0.25,0.03748124690268321,0.032093362509117436,77.19855,28.55848,30.40026664,SAFDARJUNG ENCLAVE,0.03301648896723656,0.2961165048543689,3.759838663300665e-05
0.1,0.13953488372093023,0.0,0.088,0.31655844155844154,0.5373134328358209,0.1,0.031863810646136866,0.31291028446389496,77.22548,28.64335,158.5974521,HAUZQAZI,0.195779691683826,0.16019417475728157,0.00015859745209549666
0.4,0.18604651162790697,0.3333333333333333,0.216,0.20941558441558444,0.23880597014925375,0.1,0.4194519514694916,0.2188183807439825,77.06666,28.57837,12.039158,DWARKA SOUTH,0.0097046445172899,0.23300970873786409,1.2039158001270402e-05
0.2,0.3023255813953488,0.0,0.376,0.39366883116883117,0.17910447761194032,0.75,0.04190498160460889,0.41575492341356673,77.10115,28.67112,166.5496692,PASCHIM VIHAR,0.20587607808267944,0.7718446601941749,0.00016654966916954515
0.4,0.09302325581395349,0.16666666666666666,0.504,0.3051948051948052,0.1492537313432836,0.2,0.02685579708808332,0.3260393873085339,77.06744,28.62046,185.2677233,BINDAPUR,0.22964111181002175,0.23786407766990295,0.00019173515504031994
0.8,0.4418604651162791,0.16666666666666666,0.28,0.20535714285714285,0.22388059701492538,0.17500000000000002,0.04124078975329907,0.23267687819110142,77.23537,28.61821,101.642229,TILAK MARG,0.12346753840630326,0.45631067961165056,0.00010164222898517364
0.1,0.16279069767441862,0.0,0.288,0.42694805194805197,0.2835820895522388,0.1,0.013227136807099459,0.4186725018234865,77.1196,28.65151,353.5409577,RAJOURI GARDEN,0.44328613428329,0.17475728155339806,0.0003604131111728918
0.30000000000000004,0.13953488372093023,0.0,0.128,0.11201298701298702,0.1044776119402985,0.05,0.03200513642292675,0.11159737417943108,77.24299,28.50957,69.22702931,SANGAM VIHAR,0.08231217531049093,0.1310679611650485,6.922702931171914e-05
0.0,0.16279069767441862,0.0,0.096,0.12987012987012986,0.13432835820895522,0.35000000000000003,0.01772076042559409,0.13347921225382933,77.30367,28.60733,116.0225301,MAYURVIHAR,0.1417252237231954,0.3640776699029127,0.00011602253013193662
0.0,0.18604651162790697,0.0,0.136,0.22240259740259738,0.059701492537313425,0.15000000000000002,0.7033118151523536,0.2115244347191831,77.07894,28.74766,7.065059834,SHAHBAD DAIRY,0.0033893721072721745,0.22330097087378645,7.065059833641488e-06
0.1,0.046511627906976744,0.0,0.248,0.2207792207792208,0.059701492537313425,0.025,0.004693966682970846,0.21298322392414296,77.26733,28.65955,293.7489292,GANDHI NAGAR,0.3673722830795421,0.043689320388349516,0.0002937489291855772
0.4,0.023255813953488372,0.0,0.216,0.32142857142857145,0.04477611940298507,0.025,0.4194519514694916,0.3012399708242159,77.05849,28.56411,15.79723771,DWARKA SEC-23,0.014476021416599018,0.043689320388349516,1.5797237708849286e-05
0.30000000000000004,0.20930232558139533,0.0,0.296,0.2297077922077922,0.22388059701492538,0.325,0.016170631635781335,0.24872355944566013,77.15868,28.64751,201.1195058,RANJIT NAGAR,0.24976703646584603,0.38834951456310685,0.00020111950582819423
0.30000000000000004,0.3488372093023256,0.3333333333333333,0.352,0.22564935064935066,0.6865671641791045,0.8250000000000001,0.14952171374757806,0.2932166301969365,77.03599,28.65375,41.1208133,RANHOLA,0.04662763421954069,0.8932038834951457,4.112081331197638e-05
0.2,0.0,0.0,0.008,0.0689935064935065,0.04477611940298507,0.0,0.026648446225779172,0.052516411378555804,77.22715,28.52882,49.0313434,SAKET,0.05667109350533153,0.0,4.9031343402628096e-05
0.4,0.046511627906976744,0.0,0.296,0.18262987012987014,0.17910447761194032,0.1,0.030765442765649416,0.19328956965718455,77.2703,28.63775,108.2978055,SHAKARPUR,0.13191766889670983,0.11650485436893204,0.00010829780547651908
0.4,0.11627906976744186,0.16666666666666666,0.328,0.37987012987012986,0.029850746268656712,0.1,0.02003312539174785,0.36907366885485043,77.29526,28.63852,249.9363391,PREETVIHAR,0.3117464324594494,0.17475728155339806,0.00024993633905830094
0.6000000000000001,0.37209302325581395,0.3333333333333333,0.12,0.1314935064935065,0.3283582089552239,0.2,0.009103520032256415,0.15463165572574764,77.13509,28.64053,181.2197891,KIRTI NAGAR,0.22450172655296077,0.4368932038834951,0.00018121978914409533
0.4,0.23255813953488372,0.16666666666666666,0.128,0.26461038961038963,0.20895522388059704,0.07500000000000001,0.022389000129301312,0.2589350838803793,77.20847,28.54939,171.1452788,HAUZ KHAS,0.21171080949272583,0.22815533980582525,0.00017114527881724318
0.6000000000000001,0.46511627906976744,0.5,0.736,0.2775974025974026,0.17910447761194032,0.2,0.5668757542968984,0.3384390955506929,77.0228,28.80659,13.04307194,BAWANA,0.010979245422069205,0.5097087378640777,1.3043071944058357e-05
0.1,0.06976744186046512,0.0,0.10400000000000001,0.18831168831168832,0.1044776119402985,0.1,0.10594793155920584,0.17578409919766594,77.121,28.73043,36.72069001,KN KATJU MARG,0.04104109845555181,0.11650485436893204,3.67206900072443e-05
0.5,0.5116279069767442,0.3333333333333333,0.136,0.4342532467532468,0.3880597014925373,0.1,0.12034550360346129,0.43180160466812545,77.24722,28.6274,70.67656487,I.P. ESTATE,0.08415255151265816,0.44174757281553395,7.067656486626257e-05
0.7000000000000001,0.046511627906976744,0.8333333333333333,0.216,0.3457792207792208,0.7014925373134328,0.35000000000000003,0.010776020088258747,0.3712618526622903,77.22514,28.5759,350.6580165,KOTALA MUBARAK PUR,0.43962586099851236,0.39805825242718446,0.00035065801658476574
0.1,0.16279069767441862,0.0,0.208,0.16639610389610393,0.11940298507462686,0.07500000000000001,0.6029210654514994,0.16849015317286653,77.12437,28.59872,6.839984655,DELHI CANTT,0.0031036095392579467,0.15533980582524273,6.839984654986999e-06
0.4,0.2558139534883721,0.16666666666666666,0.448,0.288961038961039,0.2537313432835821,0.30000000000000004,0.010995512801977898,0.31947483588621445,77.19326,28.65258,304.2025173,D.B.G ROAD,0.38064448915854665,0.41747572815533984,0.0003042025171944252
0.5,0.41860465116279066,1.0,0.23199999999999998,0.5048701298701299,0.8805970149253731,0.275,0.017453643919146215,0.5331874544128373,77.11332,28.65761,378.869332,KHYALA,0.47544383954377856,0.5776699029126213,0.00037886933193001786
0.9,0.6976744186046512,0.0,0.176,0.49025974025974023,0.3880597014925373,0.15000000000000002,0.002062168514271212,0.4945295404814004,77.2839,28.64359,724.0979268,JAGATPURI,0.9137569864056978,0.5873786407766991,0.0007240979268509796
0.2,0.13953488372093023,0.3333333333333333,0.368,0.32142857142857145,0.13432835820895522,0.325,0.04635823296793353,0.3318745441283734,77.15822,28.65237,125.9571597,PATEL NAGAR,0.15433854377768824,0.36893203883495146,0.00012595715972467554
0.2,0.11627906976744186,0.16666666666666666,0.032,0.0,0.059701492537313425,0.07500000000000001,0.1900664205860442,0.0,77.16933,28.55797,4.395488595,VASANT VIHAR,0.0,0.14563106796116507,4.395488595280964e-06
0.4,0.5581395348837209,0.0,0.28,0.07142857142857142,0.11940298507462686,0.2,0.010995512801977898,0.10795040116703136,77.1932,28.65256,127.7650573,KAROL BAGH,0.15663390764025542,0.5145631067961165,0.00012776505722165857
0.6000000000000001,0.627906976744186,0.0,0.648,1.0,0.5820895522388059,0.125,0.017728447421545453,0.9999999999999999,77.26018,28.57835,678.4415415,SUNLIGHT COLONY,0.8557901950458842,0.5097087378640777,0.0006784415415098179
0.6000000000000001,0.3953488372093023,0.0,0.128,0.2232142857142857,0.5522388059701492,0.15000000000000002,0.27955934765657264,0.24653537563822028,77.08849,28.85321,19.67218568,NARELA,0.019395777958663096,0.38349514563106796,1.9672185678194697e-05
0.2,0.41860465116279066,0.3333333333333333,1.0,0.7337662337662338,0.7611940298507462,0.8500000000000001,0.034808394178279016,0.8147337709700948,77.31178,28.59818,357.1856024,NEW ASHOK NAGAR,0.4479134905434592,0.9514563106796117,0.00035718560245233904
0.7000000000000001,0.11627906976744186,0.0,0.224,0.26542207792207795,0.2537313432835821,0.30000000000000004,0.06306041076044441,0.274981765134938,77.21366,28.62473,83.35086429,PARLIAMENT STREET,0.10024424306822645,0.3300970873786408,8.335086429214865e-05
0.1,0.13953488372093023,0.5,0.304,0.32142857142857145,0.19402985074626866,0.225,0.03997006025904438,0.3260393873085339,77.0717,28.665,139.0706348,NIHAL VIHAR,0.1709878265777611,0.30097087378640774,0.0001390706347565381
0.4,0.5348837209302325,0.16666666666666666,0.064,0.47240259740259744,0.5820895522388059,0.17500000000000002,0.059163653424130935,0.47045951859956237,77.30612,28.62543,141.5213511,MADHUVIHAR,0.17409933359300211,0.49514563106796117,0.00014152135110545195
0.30000000000000004,0.11627906976744186,0.0,0.344,0.174512987012987,0.20895522388059704,0.45,0.015247208891514043,0.20350109409190373,77.17851,28.68062,175.8165321,BHARAT NAGAR,0.21764158047278906,0.42718446601941745,0.00017581653211389654
0.2,0.20930232558139533,0.16666666666666666,0.11199999999999999,0.39042207792207795,0.2985074626865672,0.5750000000000001,0.059163653424130935,0.387308533916849,77.30612,28.62543,118.7017839,MANDAWALI,0.14512688905539448,0.5922330097087378,0.00011870178388335645
0.2,0.20930232558139533,0.16666666666666666,0.528,0.2987012987012987,0.23880597014925375,0.17500000000000002,0.4038405381786098,0.3282275711159737,76.96681,28.62867,17.66605618,BABA HARI DAS NAGAR,0.016848732473683115,0.2815533980582524,1.766605617860105e-05
0.2,0.13953488372093023,0.0,0.488,0.35633116883116883,0.20895522388059704,0.25,0.3654349014257593,0.3741794310722101,76.99466,28.58691,21.8552686,CHHAWLA,0.02216748910296849,0.2815533980582524,2.185526859671086e-05
0.0,0.11627906976744186,0.16666666666666666,0.16,0.40584415584415584,0.3283582089552239,0.525,0.5465274989307778,0.4011670313639679,77.18019,28.52149,15.7278499,MEHRAULI,0.01438792445765406,0.48543689320388356,1.5727849898852888e-05
0.4,0.32558139534883723,0.16666666666666666,0.216,0.25811688311688313,0.6567164179104477,0.525,0.07185987770209891,0.29905178701677604,77.14605,28.70045,80.28226697,MAURYA ENCLAVE,0.09634825481626959,0.6359223300970874,8.028226696696882e-05
0.8,0.37209302325581395,0.8333333333333333,0.24,0.29383116883116883,0.3582089552238806,0.07500000000000001,0.016850769133091567,0.31291028446389496,77.08188,28.62863,239.3819674,JANAK PURI,0.2983462682214671,0.3932038834951457,0.00023938196736146908
0.0,0.32558139534883723,0.16666666666666666,0.11199999999999999,0.22646103896103897,0.1492537313432836,0.05,0.015375220611292975,0.21954777534646244,77.18368,28.66837,186.3038173,SARAI ROHILLA,0.23095656953807328,0.24757281553398058,0.00018630381728730735
0.1,0.0,0.16666666666666666,0.16799999999999998,0.20616883116883117,0.014925373134328358,0.05,0.019258334207322578,0.19037199124726478,77.19262,28.67005,145.5833585,GULABIBAGH,0.1792565866519575,0.048543689320388356,0.0001455833584623882
1.0,0.37209302325581395,0.16666666666666666,0.24,0.32061688311688313,0.3582089552238806,0.325,0.0028457667958308,0.34281546316557254,77.20265,28.68499,494.1975293,ROOP NAGAR,0.6218681677762363,0.5388349514563107,0.0004941975292698565
0.2,0.18604651162790697,0.0,0.272,0.4926948051948052,0.19402985074626866,0.05,0.1900664205860442,0.47191830780452226,77.15232,28.53486,50.26453893,VASANT KUNJ NORTH,0.05823679757225282,0.15533980582524273,5.026453893635812e-05
0.2,0.41860465116279066,0.16666666666666666,0.136,0.3116883116883117,0.3283582089552239,0.225,0.017218110892059615,0.31655725747629465,77.11815,28.70894,238.8428916,ROHINI NORTH,0.2976618406708233,0.45145631067961156,0.0002388428916724882
0.0,0.046511627906976744,0.0,0.0,0.053571428571428575,0.0,0.025,0.02885942660903855,0.03646973012399709,77.33267,28.62486,38.79714804,GHAZIPUR,0.04367743528149515,0.038834951456310676,3.879714804797363e-05
0.1,0.046511627906976744,0.0,0.12,0.18019480519480519,0.19402985074626866,0.275,0.055372308359080774,0.1787016776075857,77.31653,28.67811,64.8792264,SEEMAPURI,0.0767920671858579,0.2378640776699029,6.487922641024881e-05
0.4,0.37209302325581395,0.16666666666666666,0.36,0.3003246753246753,0.16417910447761194,0.30000000000000004,0.010026932444733036,0.3209336250911743,77.26855,28.6743,318.4799488,SEELAMPUR,0.3987715679875679,0.49029126213592233,0.0003184799487498514
0.7000000000000001,0.6744186046511628,0.0,0.128,0.23944805194805197,0.4328358208955224,0.5,0.019440907165204864,0.274981765134938,77.29856,28.68277,196.7405055,MANSAROVAR PARK,0.24420731919371272,0.8349514563106796,0.00019674050557287896
0.1,0.2558139534883721,0.0,0.056,0.08198051948051949,0.6865671641791045,0.375,0.019440907165204864,0.11816192560175057,77.28518,28.6742,100.386955,SHAHDARA,0.12187380284850094,0.44660194174757284,0.00010038695500757378
0.2,0.16279069767441862,0.0,0.152,0.10876623376623377,0.34328358208955223,0.15000000000000002,0.05137780531378869,0.12545587162654998,77.2561,28.71113,52.53837358,KHAJURIKHAS,0.061123729978265415,0.2184466019417476,5.253837358013962e-05
0.8,0.3023255813953488,0.3333333333333333,0.07999999999999999,0.0965909090909091,0.1492537313432836,0.45,0.005710588329253153,0.11743253099927062,77.2917,28.69612,174.7842688,JYOTI NAGAR,0.2163309864003296,0.5970873786407767,0.0001747842688715406
0.2,0.20930232558139533,0.0,0.176,0.349025974025974,0.23880597014925375,0.17500000000000002,0.024338654105415643,0.34062727935813275,77.31849,28.70603,205.6601327,HARSH VIHAR,0.2555319599856036,0.2669902912621359,0.0002056601326855029
0.1,0.11627906976744186,0.0,0.07999999999999999,0.1607142857142857,0.1492537313432836,0.07500000000000001,0.6854892479213729,0.15171407731582787,76.96085,28.67042,5.557572904,MUNDKA,0.0014754190060057562,0.12621359223300974,5.557572904204307e-06
0.30000000000000004,0.4418604651162791,0.6666666666666666,0.192,0.12337662337662338,0.26865671641791045,0.7000000000000001,0.13334388453377505,0.16703136396790666,77.2644,28.70128,28.64739511,BHAJANPURI,0.03079098781717152,0.883495145631068,2.864739510653899e-05
0.1,0.046511627906976744,0.0,0.016,0.020292207792207792,0.04477611940298507,0.07500000000000001,0.010026932444733036,0.01239970824215901,77.27297,28.67909,50.11935449,ZAFRABAD,0.058052466798705196,0.08252427184466021,5.011935448453837e-05
0.0,0.046511627906976744,0.0,0.11199999999999999,0.24025974025974028,0.059701492537313425,0.125,0.013321710699452939,0.2202771699489424,77.27479,28.67341,201.6034779,WELCOME,0.2503815028018851,0.11650485436893204,0.0002016034779639509
0.9,0.6046511627906976,0.3333333333333333,0.23199999999999998,0.4375,0.49253731343283585,0.275,0.016520866521578706,0.4595185995623632,77.30817,28.69853,341.1964707,NANDNAGARI,0.42761318286895,0.6553398058252428,0.0003411964706065133
0.1,0.023255813953488372,0.0,0.096,0.03652597402597403,0.07462686567164178,0.17500000000000002,0.02867972305813668,0.037928519328956974,77.316,28.68496,39.66177035,G.T.B. ENCLAVE,0.0447751871131552,0.14563106796116507,3.9661770350838985e-05
0.0,0.18604651162790697,0.16666666666666666,0.07200000000000001,0.4375,0.11940298507462686,0.125,0.03182795924631163,0.4018964259664478,77.26207,28.67202,198.1642563,NEW USMANPUR,0.24601495817212393,0.21844660194174753,0.0001981642563070495
0.6000000000000001,0.5813953488372093,0.16666666666666666,0.192,0.21022727272727276,0.6119402985074627,0.2,0.05137780531378869,0.25164113785557984,77.25611,28.71128,91.38084635,SONIA VIHAR,0.11043936235753866,0.5533980582524272,9.138084635520011e-05
0.7000000000000001,0.3488372093023256,0.3333333333333333,0.2,0.23782467532467533,0.26865671641791045,0.17500000000000002,0.02958849247804704,0.2538293216630197,77.2745,28.73284,139.572255,KARAWAL NAGAR,0.1716246994842169,0.4077669902912621,0.00013957225497991744
0.2,0.13953488372093023,0.3333333333333333,0.16799999999999998,0.21509740259740262,0.26865671641791045,0.2,0.009884764864103472,0.22100656455142234,77.28085,28.70225,233.0267481,GOKULPURI,0.29027748075423687,0.27184466019417475,0.0002330267480850888
